{"mean": [32.917763195439534, 0.10283370161248953, 30.141801264655985, 32.92992546709928, 35.782430792532104, 5.640629529847171, 89.21338483157383, 64.09198122022754, 43.97941774348562, 36.855000740892706, 0.4058580553947682, 0.7219095514577472, 0.1489860590596172, 0.31084679223762635, 0.6445117032827364, 0.4955256447947442, 5.750257680950766, 3.387083154822271, 4.60161020158765, 2.69343080290949, 0.19009222799441458, 0.9311850377114672, 24.14374183526317, 0.9289523293116843, -4.801943559161629, -9.088900790482615, 14.862553590526844, 1.1487847836140745, -12.265767726559627, -0.8170553180882046, 0.025294474550393777, 1.0662429709963592, 1.1680723441931997, 0.6223617777078114, 6.276791263218221, 0.4970415875626555, 5.861182985604229, 1.0477224527080204, 19.8669498514924, 0.4132466024884459, 648.5060681921915, 0.3291894364205128, 1308.951296301269, 0.16678002098414182, -125.29855535391123, -0.752744903831048, 1657.4210943376288, 0.1378277937267383, 1019.1049306006106, 0.28027512834899965, -121.9070715938885, -0.7355960252039856, 2679.386698481406, 0.09064656821588542, 928.3192686487243, 0.32423674148931975, -123.80896003844643, -0.6970106624131024, -11.501919837640383, -0.6106991371951996, 21.122492510472657, 0.3313207810524389, 0.03715833615283986, 0.7542764454453184, -0.009942948266200522, -1.3171787935823325, 0.280092259482655, 0.5743595990128736, 28.784864730734743, 0.3135420139387629, -6.516758463399089, 14.61241016817276, 15.267092552225824, 0.6099417813900087, -15.869758523282997, -0.15280459846205532, -9.056833337392689, 17.891541381634415, 0.00991873068621736, 0.0022365276118162095, 0.09901467922051804, 3.062748312749062, 2.1866508944204486, 0.2110673548041346, 0.11929594774548127, 0.32414078440674643, 0.20704514133426735, -34.30197870696785], "scale": [7.354135168206367, 0.06259016059951955, 7.053877036396133, 7.649205537614476, 8.332187934376917, 4.24472277927418, 135.58761179636898, 128.2683210959284, 90.27682015162097, 77.78130044751339, 0.3595155852651728, 0.24261324504437728, 0.14166308273250638, 0.307736288625651, 0.6058288958750414, 0.5139541019010334, 6.366434544589379, 3.7142379157324, 5.452409749368242, 3.1198214931532062, 0.2800940190903563, 0.32535280147736756, 6.108218250767617, 43.3549623521632, 7.2266736161164955, 452.04054594329483, 6.7047651160106225, 15.206961244283626, 7.852977715042194, 17.000926137581306, 0.014667700951429821, 0.4495464168502556, 0.3190553199295143, 0.17358983958163654, 2.265494382603617, 0.38968693963901785, 4.271118897187631, 27.307113362749437, 6.279242445314697, 5.731474868043611, 144.0141442578036, 0.08977587655250754, 192.54593574425797, 0.061165554512303155, 38.021767021063226, 0.3892996918500518, 231.8221972023057, 0.0393054204359811, 177.16041181087212, 0.10112048894434117, 38.88409311174076, 0.3202850968069514, 341.97691989144624, 0.02434058248129435, 166.9849449875378, 0.1147115565076438, 38.12623612924465, 0.2904287643861036, 4.5405233117806745, 9.288407413524146, 5.343020229147435, 0.14273226745987566, 0.025849796178411627, 13.06444240522404, 0.007247937163302023, 79.13507467729697, 0.38566469388043423, 0.22949125948059432, 7.877433087347007, 1.4106219314228614, 9.831299490290242, 988.9893549270038, 10.336318796031183, 25.314310497581175, 10.622575666619236, 51.514091462534346, 4.084814488297723, 4.836861416387168, 0.024704638690965498, 0.006165468967171874, 0.15308006453888331, 1.1954315196326546, 1.0881368726881018, 0.13165084051443995, 0.09378591120718437, 0.2949691562014943, 0.1550389277097648, 9.431972103103641]}